Name,Link,ID
Sausage Gnocchi Bake,https://www.bbc.co.uk/food/recipes/sausage_gnocchi_bake_49882,1
Tear & Share Bread,https://www.jamieoliver.com/recipes/bread/tear-n-share-bread/,2
Sticky Soy & Ginger Tofu,https://www.bbc.co.uk/food/recipes/sticky_soy_and_ginger_45939,3
Lemon Drizzle Cake,https://www.bbc.co.uk/food/recipes/easy_lemon_drizzle_cake_78533,4
Paneer Dahl,https://www.bbcgoodfood.com/recipes/spiced-paneer-dhal,5
Scones,https://www.bbcgoodfood.com/recipes/classic-scones-jam-clotted-cream,6
Toad-in-the-Hole,https://www.bbcgoodfood.com/recipes/sams-toad-hole,7
Pizza Dough,https://www.allinsonflour.co.uk/recipes/pizza-dough,8
Chicken & Chorizo Pasta,https://skinnyspatula.com/creamy-chicken-chorizo-pasta/#wprm-recipe-container-7006,9
Chicken & Chorizo Paella,https://www.bbcgoodfood.com/recipes/chicken-chorizo-paella,10
"Sweet Potato, Coconut, and Chilli Soup",https://thedeliciousplate.com/sweet-potato-coconut-and-chilli-soup/#ingredients,11
Fajitas,,12
